epoch,step,train_loss
0,0,0.17331629991531372
0,1,0.17224693298339844
0,2,0.1695631742477417
0,3,0.16525916755199432
0,4,0.15780220925807953
0,5,0.13369566202163696
0,6,0.1386253982782364
0,7,0.13981829583644867
0,8,0.14000940322875977
0,9,0.1291140764951706
0,10,0.10968220233917236
0,11,0.13307376205921173
0,12,0.10550852864980698
0,13,0.0968814268708229
0,14,0.09426644444465637
0,15,0.08777163177728653
0,16,0.07774744182825089
0,17,0.07274804264307022
0,18,0.06292055547237396
0,19,0.07038796693086624
0,20,0.054947104305028915
0,21,0.06136153265833855
0,22,0.0639064833521843
0,23,0.05491291359066963
0,24,0.059761445969343185
0,25,0.052490949630737305
0,26,0.05302751064300537
0,27,0.058423787355422974
0,28,0.04997032880783081
0,29,0.0472787506878376
0,30,0.05019398406147957
0,31,0.048553142696619034
0,32,0.04912329837679863
0,33,0.04744793847203255
0,34,0.0447094552218914
0,35,0.053192827850580215
0,36,0.05336493253707886
0,37,0.053832996636629105
0,38,0.04947352409362793
0,39,0.05055033788084984
0,40,0.045731667429208755
0,41,0.04742144048213959
0,42,0.04883113130927086
0,43,0.042732175439596176
0,44,0.040770892053842545
0,45,0.04349447414278984
0,46,0.03859105333685875
0,47,0.04770120605826378
0,48,0.04827404022216797
0,49,0.04338943958282471
0,50,0.04994908347725868
0,51,0.040986642241477966
0,52,0.03319290280342102
0,53,0.03865670785307884
0,54,0.04771481826901436
0,55,0.03834434226155281
0,56,0.04212246835231781
0,57,0.03982429951429367
0,58,0.04736905172467232
0,59,0.045869141817092896
0,60,0.04621461406350136
0,61,0.046051252633333206
0,62,0.045141369104385376
0,63,0.05206310376524925
0,64,0.04727720096707344
0,65,0.0311968382447958
0,66,0.044697802513837814
0,67,0.040361687541007996
0,68,0.053508248180150986
0,69,0.04658409580588341
0,70,0.03817237913608551
0,71,0.0478200763463974
0,72,0.04112416133284569
0,73,0.04060649499297142
0,74,0.04265657067298889
0,75,0.04085325822234154
0,76,0.04749627038836479
0,77,0.04460800811648369
0,78,0.039301782846450806
0,79,0.04473118111491203
0,80,0.04248933121562004
0,81,0.03592725470662117
0,82,0.04069584608078003
0,83,0.04619133099913597
0,84,0.04532119631767273
0,85,0.04292266070842743
0,86,0.036804329603910446
0,87,0.035743385553359985
0,88,0.03828074410557747
0,89,0.03482673689723015
0,90,0.04034241661429405
0,91,0.03499320521950722
0,92,0.03930492699146271
0,93,0.0397646464407444
0,94,0.03681102767586708
0,95,0.0348576083779335
0,96,0.035676050931215286
0,97,0.04051366075873375
0,98,0.033856675028800964
0,99,0.03970146179199219
0,100,0.03887266293168068
0,101,0.033234819769859314
0,102,0.04249958321452141
0,103,0.03533616289496422
0,104,0.03729982674121857
0,105,0.038360949605703354
0,106,0.03217210993170738
0,107,0.04239991307258606
0,108,0.03463088721036911
0,109,0.037374310195446014
0,110,0.032544493675231934
0,111,0.03315607085824013
0,112,0.03251256048679352
0,113,0.03818543627858162
0,114,0.034069787710905075
0,115,0.02803889662027359
0,116,0.030296362936496735
0,117,0.03200757876038551
0,118,0.030271800234913826
0,119,0.027711383998394012
0,120,0.028011620044708252
0,121,0.024624496698379517
0,122,0.027788309380412102
0,123,0.032948315143585205
0,124,0.02704879455268383
0,125,0.02357596717774868
0,126,0.024841664358973503
0,127,0.023953154683113098
0,128,0.02411493845283985
0,129,0.024204455316066742
0,130,0.022396104410290718
0,131,0.026152318343520164
0,132,0.019046952947974205
0,133,0.01973666064441204
0,134,0.020133458077907562
0,135,0.019260019063949585
0,136,0.023332910612225533
0,137,0.018638329580426216
0,138,0.014233998022973537
0,139,0.016576334834098816
0,140,0.016437185928225517
0,141,0.017344705760478973
0,142,0.015131429769098759
0,143,0.016969913616776466
0,144,0.014174091629683971
0,145,0.015007204376161098
0,146,0.014301851391792297
0,147,0.014110754244029522
0,148,0.01550425123423338
0,149,0.013362240977585316
0,150,0.01335031446069479
0,151,0.016004512086510658
0,152,0.013565088622272015
0,153,0.014165391214191914
0,154,0.013396177440881729
0,155,0.014076076447963715
0,156,0.01255012396723032
0,157,0.013425491750240326
0,158,0.014333839528262615
0,159,0.013532665558159351
0,160,0.012076515704393387
0,161,0.013539895415306091
0,162,0.012224704027175903
0,163,0.013033919036388397
0,164,0.012732542119920254
0,165,0.012752488255500793
0,166,0.011425510048866272
0,167,0.011775690130889416
0,168,0.010890111327171326
0,169,0.01318291574716568
0,170,0.011760920286178589
0,171,0.011729605495929718
0,172,0.011814076453447342
0,173,0.012143981643021107
0,174,0.011085926555097103
0,175,0.010932985693216324
0,176,0.010320617817342281
0,177,0.010656870901584625
0,178,0.011937758885324001
0,179,0.009652461856603622
0,180,0.009493543766438961
0,181,0.011159108020365238
0,182,0.010209638625383377
0,183,0.01028691790997982
0,184,0.010854152031242847
0,185,0.011986546218395233
0,186,0.01110236719250679
0,187,0.01056837011128664
0,188,0.011367078870534897
0,189,0.010586771182715893
0,190,0.010180444456636906
0,191,0.009740367531776428
0,192,0.01054790522903204
0,193,0.00951440166682005
0,194,0.0095283268019557
0,195,0.011331203393638134
0,196,0.010602311231195927
0,197,0.008755425922572613
0,198,0.009643353521823883
0,199,0.009767728857696056
0,200,0.01030722726136446
0,201,0.00915894191712141
0,202,0.01052794884890318
0,203,0.008910921402275562
0,204,0.010199270211160183
0,205,0.010372709482908249
0,206,0.01049861405044794
0,207,0.00951885525137186
0,208,0.009917358867824078
0,209,0.009136891923844814
0,210,0.008226916193962097
0,211,0.00951401237398386
0,212,0.0096651716157794
0,213,0.009155300445854664
0,214,0.01016987580806017
0,215,0.011085733771324158
0,216,0.009646520018577576
0,217,0.010256518609821796
0,218,0.009879603050649166
0,219,0.00935079250484705
0,220,0.00850681308656931
0,221,0.007749537006020546
0,222,0.009892144240438938
0,223,0.009049082174897194
0,224,0.009352599270641804
0,225,0.008471541106700897
0,226,0.007617399096488953
0,227,0.008911318145692348
0,228,0.009365691803395748
0,229,0.010689251124858856
0,230,0.00797599833458662
0,231,0.009481203742325306
0,232,0.008675829507410526
0,233,0.00870260689407587
0,234,0.008554431609809399
0,235,0.007909080013632774
0,236,0.008961944840848446
0,237,0.009320334531366825
0,238,0.008473626337945461
0,239,0.009025728330016136
0,240,0.0080639673396945
0,241,0.008899563923478127
0,242,0.008716759271919727
0,243,0.00790497288107872
0,244,0.008281229995191097
0,245,0.008091478608548641
0,246,0.0079790148884058
0,247,0.008596611209213734
0,248,0.007310731802135706
0,249,0.0073392391204833984
0,250,0.007872524671256542
0,251,0.006999611854553223
0,252,0.008236653171479702
0,253,0.008555561304092407
0,254,0.007987670600414276
0,255,0.008266839198768139
0,256,0.007593399379402399
0,257,0.008236407302320004
0,258,0.007460853084921837
0,259,0.007877631112933159
0,260,0.0075277723371982574
0,261,0.008290472440421581
0,262,0.008169073611497879
0,263,0.007059612777084112
0,264,0.006940500345081091
0,265,0.0077806622721254826
0,266,0.008008524775505066
0,267,0.00681789917871356
0,268,0.008197016082704067
0,269,0.007248826324939728
0,270,0.008259948343038559
0,271,0.007454062346369028
0,272,0.008256126195192337
0,273,0.007647661026567221
0,274,0.007143406197428703
0,275,0.0071449256502091885
0,276,0.006817379966378212
0,277,0.007043290883302689
0,278,0.006823707837611437
0,279,0.0067913648672401905
0,280,0.007323742378503084
0,281,0.008098592050373554
0,282,0.007534302305430174
0,283,0.0077417343854904175
0,284,0.008275184780359268
0,285,0.007744448725134134
0,286,0.007406042888760567
0,287,0.006874640937894583
0,288,0.006594838108867407
0,289,0.007232576608657837
0,290,0.007994255982339382
0,291,0.007708035875111818
0,292,0.009173811413347721
0,293,0.006767526268959045
0,294,0.006956186145544052
0,295,0.007016254123300314
0,296,0.0072241369634866714
0,297,0.007890750654041767
0,298,0.0066154226660728455
0,299,0.007554641459137201
0,300,0.0068894666619598866
0,301,0.005797109100967646
0,302,0.007330144289880991
0,303,0.007791960146278143
0,304,0.006618883926421404
0,305,0.007130710873752832
0,306,0.006788057740777731
0,307,0.006609106436371803
0,308,0.007015371695160866
0,309,0.006424140650779009
0,310,0.00680136913433671
0,311,0.006968951318413019
0,312,0.006819210946559906
0,313,0.0069941128604114056
0,314,0.006847736891359091
0,315,0.006800353992730379
0,316,0.007312385831028223
0,317,0.006931949406862259
0,318,0.007110680919140577
0,319,0.006901629269123077
0,320,0.006608722265809774
0,321,0.0072228144854307175
0,322,0.006578339729458094
0,323,0.00662366533651948
0,324,0.006256640423089266
0,325,0.006953813135623932
0,326,0.006231310311704874
0,327,0.006776286289095879
0,328,0.005996203515678644
0,329,0.0066628954373300076
0,330,0.006358934100717306
0,331,0.007051726337522268
0,332,0.006109450478106737
0,333,0.006384292151778936
0,334,0.006556642707437277
0,335,0.005666191224008799
0,336,0.007470936980098486
0,337,0.005957150831818581
0,338,0.00620676577091217
0,339,0.006604108959436417
0,340,0.005929203703999519
0,341,0.005830894690006971
0,342,0.006394000258296728
0,343,0.006207799073308706
0,344,0.006570182740688324
0,345,0.007122630253434181
0,346,0.007028499618172646
0,347,0.005608981475234032
0,348,0.006330190692096949
0,349,0.006274275481700897
0,350,0.006548787001520395
0,351,0.005838522221893072
0,352,0.006312446668744087
0,353,0.006601884961128235
0,354,0.006414376199245453
0,355,0.007618075702339411
0,356,0.005573776084929705
0,357,0.00610421784222126
0,358,0.007504165638238192
0,359,0.006614347919821739
0,360,0.006223041098564863
0,361,0.006108249071985483
0,362,0.006588533986359835
0,363,0.00648168521001935
0,364,0.006482468452304602
0,365,0.006474256981164217
0,366,0.006309483665972948
0,367,0.006664303597062826
0,368,0.005962054710835218
0,369,0.006404547486454248
0,370,0.007364142220467329
0,371,0.007679376285523176
0,372,0.006227774079889059
0,373,0.006247551646083593
0,374,0.006355176214128733
0,375,0.00603150762617588
0,376,0.005923096556216478
0,377,0.006564481649547815
0,378,0.006501799449324608
0,379,0.007239161059260368
0,380,0.006285722833126783
0,381,0.005833564791828394
0,382,0.006748455110937357
0,383,0.0065619503147900105
0,384,0.007293736562132835
0,385,0.006361421197652817
0,386,0.006349315866827965
0,387,0.005687152501195669
0,388,0.006115527357906103
0,389,0.005948271136730909
0,390,0.006220587994903326
0,391,0.005928719881922007
0,392,0.006615642458200455
0,393,0.005938501562923193
0,394,0.006257349159568548
0,395,0.005771603435277939
0,396,0.005465520080178976
0,397,0.006110722664743662
0,398,0.006133722607046366
0,399,0.006331553217023611
0,400,0.005722224246710539
0,401,0.006758710369467735
0,402,0.005826840177178383
0,403,0.005669029895216227
0,404,0.005911002401262522
0,405,0.006090921815484762
0,406,0.005989397410303354
0,407,0.005980579648166895
0,408,0.005882540717720985
0,409,0.005884513724595308
0,410,0.005495962221175432
0,411,0.0064295572228729725
0,412,0.006329475436359644
0,413,0.005910513922572136
0,414,0.006795220077037811
0,415,0.005891367793083191
0,416,0.005794649478048086
0,417,0.0074249994941055775
0,418,0.005872467998415232
0,419,0.00559350848197937
0,420,0.007060417905449867
0,421,0.006137253250926733
0,422,0.00623460253700614
0,423,0.005670681595802307
0,424,0.005729371216148138
0,425,0.006227003410458565
0,426,0.0054723951034247875
0,427,0.00599413039162755
0,428,0.006197672337293625
0,429,0.006765969563275576
0,430,0.0056868488900363445
0,431,0.005616368260234594
0,432,0.005077798385173082
0,433,0.005940123926848173
0,434,0.00695211673155427
0,435,0.006981575395911932
0,436,0.005936779081821442
0,437,0.005895014852285385
0,438,0.0066083320416510105
0,439,0.006578866858035326
0,440,0.00587918795645237
0,441,0.005524752661585808
0,442,0.0055313799530267715
0,443,0.005932679399847984
0,444,0.005875200033187866
0,445,0.005995053797960281
0,446,0.005220601335167885
0,447,0.005571439396589994
0,448,0.005677392240613699
0,449,0.004962423350661993
0,450,0.005819061305373907
0,451,0.00619170255959034
0,452,0.006101842969655991
0,453,0.007447598036378622
0,454,0.005627784878015518
0,455,0.00608316995203495
0,456,0.005755542311817408
0,457,0.0059663113206624985
0,458,0.005410780664533377
0,459,0.0057832938618958
0,460,0.0062930528074502945
0,461,0.0070318132638931274
0,462,0.006839349865913391
0,463,0.005471383687108755
0,464,0.005771512631326914
0,465,0.005445658694952726
0,466,0.005706187337636948
0,467,0.006832584738731384
0,468,0.006029043346643448
0,469,0.0060380748473107815
0,470,0.006402995437383652
0,471,0.0052091325633227825
0,472,0.005536873359233141
0,473,0.0058366782031953335
0,474,0.005715425591915846
0,475,0.005631931591778994
0,476,0.0057586319744586945
0,477,0.005059662740677595
0,478,0.00665363809093833
0,479,0.00519168796017766
0,480,0.006372834090143442
0,481,0.005914392415434122
0,482,0.005450934171676636
0,483,0.005795184522867203
0,484,0.006169165018945932
0,485,0.005590751767158508
0,486,0.005806043744087219
0,487,0.005575960967689753
0,488,0.006973877549171448
0,489,0.005485270172357559
0,490,0.004750725347548723
0,491,0.00624069245532155
0,492,0.005513455253094435
0,493,0.005492841359227896
0,494,0.005445251241326332
0,495,0.005063260439783335
0,496,0.0059254844672977924
0,497,0.005399212706834078
0,498,0.005110220517963171
0,499,0.005141675006598234
0,500,0.006122978869825602
0,501,0.005658829119056463
0,502,0.005408763885498047
0,503,0.00515101058408618
0,504,0.005541760474443436
0,505,0.005299404263496399
0,506,0.00511256093159318
0,507,0.005127221345901489
0,508,0.004898287821561098
0,509,0.006111892405897379
0,510,0.006211333442479372
0,511,0.005679240915924311
0,512,0.005427096504718065
0,513,0.005111963953822851
0,514,0.00592729402706027
0,515,0.004914750810712576
0,516,0.005486810579895973
0,517,0.005624180659651756
0,518,0.0058657280169427395
0,519,0.005576187279075384
0,520,0.005774013698101044
0,521,0.005241743754595518
0,522,0.005846584681421518
0,523,0.005624445620924234
0,524,0.0049604312516748905
0,525,0.004710094537585974
0,526,0.00567946583032608
0,527,0.0053270719945430756
0,528,0.00511164078488946
0,529,0.006167484913021326
0,530,0.005650908220559359
0,531,0.004890721756964922
0,532,0.005550219211727381
0,533,0.005235952790826559
0,534,0.005037636961787939
0,535,0.005174646619707346
0,536,0.005109129473567009
0,537,0.0046810670755803585
0,538,0.005926724057644606
0,539,0.004794365260750055
0,540,0.005384170915931463
0,541,0.005084765609353781
0,542,0.0047889468260109425
0,543,0.005302987992763519
0,544,0.005879347678273916
0,545,0.005078250076621771
0,546,0.00560751324519515
0,547,0.005793155636638403
0,548,0.005508750211447477
0,549,0.005285350140184164
0,550,0.005056377500295639
0,551,0.004640999250113964
0,552,0.006254609674215317
0,553,0.005224859807640314
0,554,0.004516426473855972
0,555,0.0051949056796729565
0,556,0.004773295018821955
0,557,0.005375342909246683
0,558,0.00489235483109951
0,559,0.004814805928617716
0,560,0.00535149360075593
0,561,0.006066928151994944
0,562,0.005398835986852646
0,563,0.005892306100577116
0,564,0.005145890172570944
0,565,0.004234955180436373
0,566,0.005178403574973345
0,567,0.0051005869172513485
0,568,0.005316402297466993
0,569,0.00489378534257412
0,570,0.0046276212669909
0,571,0.006117403507232666
0,572,0.005468325223773718
0,573,0.004660549107939005
0,574,0.005492169409990311
0,575,0.004899748135358095
0,576,0.004530841950327158
0,577,0.0044319177977740765
0,578,0.00495785241946578
0,579,0.005428049247711897
0,580,0.0046430411748588085
0,581,0.005139101296663284
0,582,0.005038709845393896
0,583,0.00482585746794939
0,584,0.004679567646235228
0,585,0.0046480256132781506
0,586,0.004870854318141937
0,587,0.00563083216547966
0,588,0.005294745787978172
0,589,0.005424018483608961
0,590,0.005657713860273361
0,591,0.00477661844342947
0,592,0.004996724426746368
0,593,0.004472753498703241
0,594,0.005552537739276886
0,595,0.005242137238383293
0,596,0.004970675799995661
0,597,0.004431180190294981
0,598,0.004755497444421053
0,599,0.004536079708486795
0,600,0.004590472672134638
0,601,0.004529840778559446
0,602,0.004173062276095152
0,603,0.004797686357051134
0,604,0.00496852258220315
0,605,0.0048965769819915295
0,606,0.004529658704996109
0,607,0.005182348657399416
0,608,0.005483552813529968
0,609,0.004900392610579729
0,610,0.004234005697071552
0,611,0.0052107274532318115
0,612,0.004733540583401918
0,613,0.004644516855478287
0,614,0.004849765915423632
0,615,0.004754035267978907
0,616,0.004838700871914625
0,617,0.004340243525803089
0,618,0.005390562117099762
0,619,0.005738085601478815
0,620,0.005040861200541258
0,621,0.004839352797716856
0,622,0.004630648996680975
0,623,0.004756617825478315
0,624,0.00435130437836051
0,625,0.004878944717347622
0,626,0.004440471064299345
0,627,0.005948768462985754
0,628,0.004451550543308258
0,629,0.004484970588237047
0,630,0.0057157003320753574
0,631,0.004927355796098709
0,632,0.004795848857611418
0,633,0.004852944985032082
0,634,0.005169423762708902
0,635,0.005212091375142336
0,636,0.004139571450650692
0,637,0.005269400309771299
0,638,0.004459335934370756
0,639,0.00487132603302598
0,640,0.0047645787708461285
0,641,0.005067489575594664
0,642,0.00563381751999259
0,643,0.005005550105124712
0,644,0.004316039849072695
0,645,0.0052792951464653015
0,646,0.004638239741325378
0,647,0.004895766731351614
0,648,0.005186753813177347
0,649,0.004851177334785461
0,650,0.004704606253653765
0,651,0.005792989861220121
0,652,0.004983699414879084
0,653,0.004858162719756365
0,654,0.005185797344893217
0,655,0.005207814741879702
0,656,0.0045162891037762165
0,657,0.0042478120885789394
0,658,0.004818906541913748
0,659,0.004051468800753355
0,660,0.004510440398007631
0,661,0.005251778289675713
0,662,0.004059086088091135
0,663,0.004323894158005714
0,664,0.00458514504134655
0,665,0.004289709497243166
0,666,0.005918612238019705
0,667,0.004556738305836916
0,668,0.005421254318207502
0,669,0.004524027928709984
0,670,0.004600391257554293
0,671,0.004346663597971201
0,672,0.004589011427015066
0,673,0.004561299923807383
0,674,0.003951831720769405
0,675,0.004836768377572298
0,676,0.003795859171077609
0,677,0.004358287900686264
0,678,0.004354652017354965
0,679,0.004807732533663511
0,680,0.004521387163549662
0,681,0.0040877447463572025
0,682,0.0051812101155519485
0,683,0.004385157022625208
0,684,0.003839995712041855
0,685,0.004631163086742163
0,686,0.00405503436923027
0,687,0.004121606703847647
0,688,0.004550622776150703
0,689,0.00410853885114193
0,690,0.005474688019603491
0,691,0.005369164515286684
0,692,0.00445223692804575
0,693,0.004730208311229944
0,694,0.003833882510662079
0,695,0.0049524144269526005
0,696,0.004297624807804823
0,697,0.004823911003768444
0,698,0.0040435101836919785
0,699,0.004052005708217621
0,700,0.004638127516955137
0,701,0.004422685597091913
0,702,0.004436105489730835
0,703,0.004614152014255524
0,704,0.004376367200165987
0,705,0.005477976053953171
0,706,0.004105389583855867
0,707,0.004629089962691069
0,708,0.0039217364974319935
0,709,0.004574145656079054
0,710,0.0048858835361897945
0,711,0.004643699619919062
0,712,0.0047236341051757336
0,713,0.005485841538757086
0,714,0.004470741841942072
0,715,0.004410549998283386
0,716,0.0039415680803358555
0,717,0.0050615486688911915
0,718,0.003716575913131237
0,719,0.00380672886967659
0,720,0.004667243920266628
0,721,0.005115425679832697
0,722,0.00422561215236783
0,723,0.004921757150441408
0,724,0.004469685256481171
0,725,0.004569707904011011
0,726,0.004328153561800718
0,727,0.003803775878623128
0,728,0.004174098372459412
0,729,0.004145707469433546
0,730,0.004741480108350515
0,731,0.004117512609809637
0,732,0.004545995034277439
0,733,0.004228363279253244
0,734,0.003995961043983698
0,735,0.00408327579498291
0,736,0.003762796288356185
0,737,0.004460759926587343
0,738,0.003971428144723177
0,739,0.003813945921137929
0,740,0.00484498729929328
0,741,0.0047232662327587605
0,742,0.004223611671477556
0,743,0.004509465303272009
0,744,0.004993925336748362
0,745,0.005166979972273111
0,746,0.004187556449323893
0,747,0.004544597584754229
0,748,0.0039717829786241055
0,749,0.0045814611949026585
0,750,0.004615901503711939
0,751,0.003810641122981906
0,752,0.003790083108469844
0,753,0.003761320374906063
0,754,0.003771708346903324
0,755,0.004145959857851267
0,756,0.004537602886557579
0,757,0.004253853112459183
0,758,0.00515661621466279
0,759,0.004424349870532751
0,760,0.004012316931039095
0,761,0.003468303009867668
0,762,0.003922955598682165
0,763,0.004292333498597145
0,764,0.004519694950431585
0,765,0.0041315811686217785
0,766,0.00385769153945148
0,767,0.004167718812823296
0,768,0.004019925836473703
0,769,0.0039842016994953156
0,770,0.0038157578092068434
0,771,0.004115639254450798
0,772,0.0041555496864020824
0,773,0.004125587176531553
0,774,0.004063318949192762
0,775,0.004011441022157669
0,776,0.004163336008787155
0,777,0.003430355340242386
0,778,0.004274582490324974
0,779,0.004361010622233152
0,780,0.003321846015751362
0,781,0.003763033077120781
0,782,0.004026853013783693
0,783,0.003962321672588587
0,784,0.0037866171915084124
0,785,0.004596761427819729
0,786,0.004513689316809177
0,787,0.004490543156862259
0,788,0.003911297768354416
0,789,0.0036715641617774963
0,790,0.004202685318887234
0,791,0.0046770269982516766
0,792,0.0037940777838230133
0,793,0.00483759306371212
0,794,0.00464381230995059
0,795,0.0038616599049419165
0,796,0.0053269099444150925
0,797,0.004475043620914221
0,798,0.0046975817531347275
0,799,0.0038962371181696653
0,800,0.004758048802614212
0,801,0.003976838197559118
0,802,0.004390318412333727
0,803,0.004560794215649366
0,804,0.003942151088267565
0,805,0.003658754751086235
0,806,0.004114813636988401
0,807,0.004390207584947348
0,808,0.004325867164880037
0,809,0.0043909247033298016
0,810,0.003655334236100316
0,811,0.0039037743117660284
0,812,0.004398796707391739
0,813,0.003662591567263007
0,814,0.004303591325879097
0,815,0.004265664145350456
0,816,0.004291145596653223
0,817,0.0038713065441697836
0,818,0.004514979664236307
0,819,0.004564162343740463
0,820,0.0037701132241636515
0,821,0.004192574415355921
0,822,0.004238565918058157
0,823,0.004845844116061926
0,824,0.004466346465051174
0,825,0.00461748568341136
0,826,0.0049878256395459175
0,827,0.0037499647587537766
0,828,0.004344922490417957
0,829,0.004348954185843468
0,830,0.004943969659507275
0,831,0.004420190583914518
0,832,0.004336947109550238
0,833,0.004202977288514376
0,834,0.004573793616145849
0,835,0.0044923871755599976
0,836,0.004659205209463835
0,837,0.004439771641045809
0,838,0.0039690718986094
0,839,0.0039168428629636765
0,840,0.004546299576759338
0,841,0.0037067949306219816
0,842,0.004705712199211121
0,843,0.004260276444256306
0,844,0.004213598091155291
0,845,0.00351637857966125
0,846,0.0043005552142858505
0,847,0.003619281342253089
0,848,0.0046590701676905155
0,849,0.003710688790306449
0,850,0.0034434946719557047
0,851,0.00381492474116385
0,852,0.003909133840352297
0,853,0.003990536089986563
0,854,0.004794841632246971
0,855,0.004388950299471617
0,856,0.004160057287663221
0,857,0.003839900018647313
0,858,0.003756155027076602
0,859,0.0043970635160803795
0,860,0.003413701429963112
0,861,0.0041314889676868916
0,862,0.0043715001083910465
0,863,0.00406471686437726
0,864,0.0038553152699023485
0,865,0.003780687926337123
0,866,0.0043688323348760605
0,867,0.004113528411835432
0,868,0.0040177167393267155
0,869,0.004064411390572786
0,870,0.0036474931985139847
0,871,0.00350959156639874
0,872,0.0036391366738826036
0,873,0.0036844711285084486
0,874,0.0036548487842082977
0,875,0.0043818471021950245
0,876,0.00385915650986135
0,877,0.004412420094013214
0,878,0.0040888614021241665
0,879,0.004317162558436394
0,880,0.004056237172335386
0,881,0.005157016217708588
0,882,0.004175154492259026
0,883,0.005369715392589569
0,884,0.004071077797561884
0,885,0.0040041240863502026
0,886,0.0038837390020489693
0,887,0.004414134193211794
0,888,0.004142395686358213
0,889,0.0054320767521858215
0,890,0.003758680773898959
0,891,0.004638663027435541
0,892,0.0033562935423105955
0,893,0.0035247961059212685
0,894,0.003627871163189411
0,895,0.003861687146127224
0,896,0.0041658575646579266
0,897,0.004761811345815659
0,898,0.004455770365893841
0,899,0.0044419183395802975
0,900,0.004231608938425779
0,901,0.003819704055786133
0,902,0.0036173260305076838
0,903,0.004168244544416666
0,904,0.0040636430494487286
0,905,0.004330845084041357
0,906,0.004211357329040766
0,907,0.003905601566657424
0,908,0.004587751347571611
0,909,0.00433042086660862
0,910,0.004994668532162905
0,911,0.005257541313767433
0,912,0.004045808222144842
0,913,0.0037301918491721153
0,914,0.003918792586773634
0,915,0.0039179944433271885
0,916,0.004491311963647604
0,917,0.004500643815845251
0,918,0.0038786546792834997
0,919,0.003988435957580805
0,920,0.004638249520212412
0,921,0.003585420548915863
0,922,0.003381161019206047
0,923,0.0033293471205979586
0,924,0.00318061001598835
0,925,0.00348798930644989
0,926,0.003466726280748844
0,927,0.003976438194513321
0,928,0.004181383643299341
0,929,0.0034668846055865288
0,930,0.0032244622707366943
0,931,0.003763332264497876
0,932,0.004102399107068777
0,933,0.003569122636690736
0,934,0.003599461866542697
0,935,0.003802810562774539
0,936,0.004057662095874548
0,937,0.003991730976849794
0,938,0.0037746981251984835
0,939,0.004720885772258043
0,940,0.003871910274028778
0,941,0.003995416220277548
0,942,0.0037104261573404074
0,943,0.004083314910531044
0,944,0.0038768425583839417
0,945,0.0037927317898720503
0,946,0.003996298182755709
0,947,0.0038357824087142944
0,948,0.003710320917889476
0,949,0.003567458363249898
0,950,0.004282293375581503
0,951,0.004361008759588003
0,952,0.003951574210077524
0,953,0.003164687193930149
0,954,0.0036349960137158632
0,955,0.0036783989053219557
0,956,0.0034603700041770935
0,957,0.003339505987241864
0,958,0.00475240359082818
0,959,0.0039657182060182095
0,960,0.003967848140746355
0,961,0.0038282275199890137
0,962,0.00392794469371438
0,963,0.0034938156604766846
0,964,0.0036791926249861717
0,965,0.003582694800570607
0,966,0.004171328153461218
0,967,0.004360167775303125
0,968,0.003968825098127127
0,969,0.0039634425193071365
0,970,0.004058243241161108
0,971,0.0035278955474495888
0,972,0.0035793946590274572
0,973,0.004152808338403702
0,974,0.00330415484495461
0,975,0.003556440817192197
0,976,0.0035825178492814302
0,977,0.004006305709481239
0,978,0.003938489593565464
0,979,0.003924006130546331
0,980,0.0034751177299767733
0,981,0.004168699961155653
0,982,0.0041036042384803295
0,983,0.004066295921802521
0,984,0.0038752711843699217
0,985,0.004867581184953451
0,986,0.003682896727696061
0,987,0.003846287727355957
0,988,0.003552539274096489
0,989,0.003675198182463646
0,990,0.004007464740425348
0,991,0.0038856081664562225
0,992,0.0035215720999985933
0,993,0.003705735085532069
0,994,0.00409481069073081
0,995,0.0035724409390240908
0,996,0.004238625057041645
0,997,0.003565720049664378
0,998,0.003648909740149975
0,999,0.004145091865211725
0,1000,0.004117405042052269
0,1001,0.004459345247596502
0,1002,0.004276145715266466
0,1003,0.004501385148614645
0,1004,0.004022269509732723
0,1005,0.003702660324051976
0,1006,0.003803407773375511
0,1007,0.003414519364014268
0,1008,0.003551085712388158
0,1009,0.00356197077780962
0,1010,0.0033616169821470976
0,1011,0.004322798456996679
0,1012,0.0032762892078608274
0,1013,0.003959687426686287
0,1014,0.0035010718274861574
0,1015,0.0038719333242625
0,1016,0.003786872373893857
0,1017,0.003068806603550911
0,1018,0.004380288999527693
0,1019,0.0041563003323972225
0,1020,0.003707001218572259
0,1021,0.0032389024272561073
0,1022,0.0034421600867062807
0,1023,0.003871553810313344
0,1024,0.00433449586853385
0,1025,0.004215908702462912
0,1026,0.005044726189225912
0,1027,0.0037461791653186083
0,1028,0.003618893213570118
0,1029,0.0033798168879002333
0,1030,0.004010979551821947
0,1031,0.003638159716501832
0,1032,0.0036114919930696487
0,1033,0.004051887430250645
0,1034,0.003532852279022336
0,1035,0.0038222186267375946
0,1036,0.0034176483750343323
0,1037,0.0036687441170215607
0,1038,0.0037123418878763914
0,1039,0.0031913453713059425
0,1040,0.003480512648820877
0,1041,0.0036207071971148252
0,1042,0.003939875867217779
0,1043,0.003368561854586005
0,1044,0.004181822296231985
0,1045,0.00342108984477818
0,1046,0.00394819863140583
0,1047,0.00419192761182785
0,1048,0.003648679470643401
0,1049,0.004007713869214058
0,1050,0.0038720909506082535
0,1051,0.004293333739042282
0,1052,0.0034900957252830267
0,1053,0.003773026168346405
0,1054,0.0038073945324867964
0,1055,0.00437763100489974
0,1056,0.0037347059696912766
0,1057,0.0034886840730905533
0,1058,0.0029942442197352648
0,1059,0.004062179010361433
0,1060,0.004635641351342201
0,1061,0.004159171134233475
0,1062,0.0038841061759740114
0,1063,0.003861689940094948
0,1064,0.003999481908977032
0,1065,0.0041536022908985615
0,1066,0.0035253530368208885
0,1067,0.004355019424110651
0,1068,0.004353631753474474
0,1069,0.004984026774764061
0,1070,0.0037975057493895292
0,1071,0.004838651046156883
0,1072,0.0040814802050590515
0,1073,0.003372904611751437
0,1074,0.004244055133312941
0,1075,0.0036198582965880632
0,1076,0.0036310546565800905
0,1077,0.0046859015710651875
0,1078,0.0043247174471616745
0,1079,0.003829510882496834
0,1080,0.0042957435362041
0,1081,0.003985725808888674
0,1082,0.00395950535312295
0,1083,0.0044242036528885365
0,1084,0.004871829878538847
0,1085,0.004239839036017656
0,1086,0.004624804947525263
0,1087,0.003710579825565219
0,1088,0.003389563411474228
0,1089,0.0037470993120223284
0,1090,0.003512530354782939
0,1091,0.003456665435805917
0,1092,0.003501545637845993
0,1093,0.003949426580220461
0,1094,0.003544701961800456
0,1095,0.0034628042485564947
0,1096,0.0037357572000473738
0,1097,0.0036404163111001253
0,1098,0.0034664226695895195
0,1099,0.0046058776788413525
0,1100,0.0037418771535158157
0,1101,0.0040058232843875885
0,1102,0.00392692256718874
0,1103,0.004185506608337164
0,1104,0.0034004508052021265
0,1105,0.0038565483409911394
0,1106,0.0035369873512536287
0,1107,0.003550691530108452
0,1108,0.004329712595790625
0,1109,0.003405193565413356
0,1110,0.004193494562059641
0,1111,0.0031442532781511545
0,1112,0.003931886050850153
0,1113,0.003270612796768546
0,1114,0.0037717807572335005
0,1115,0.00378199084661901
0,1116,0.003394048660993576
0,1117,0.0035829711705446243
0,1118,0.0031035898718982935
0,1119,0.004701589699834585
0,1120,0.0036857787054032087
0,1121,0.0030941006261855364
0,1122,0.0037866150960326195
0,1123,0.0039344667457044125
0,1124,0.0034309702459722757
0,1125,0.004023956600576639
0,1126,0.003573992056772113
0,1127,0.0037999851629137993
0,1128,0.004049614071846008
0,1129,0.004045921843498945
0,1130,0.0033140310551971197
0,1131,0.003759122686460614
0,1132,0.0036637336015701294
0,1133,0.003267844207584858
0,1134,0.003428805386647582
0,1135,0.004190389532595873
0,1136,0.003263680962845683
0,1137,0.0037529245018959045
0,1138,0.004002158995717764
0,1139,0.0034204123076051474
0,1140,0.0029530078172683716
0,1141,0.003956890199333429
0,1142,0.0031961826607584953
0,1143,0.0038793792482465506
0,1144,0.004049711860716343
0,1145,0.004376011434942484
0,1146,0.003916393034160137
0,1147,0.003929854836314917
0,1148,0.00400924077257514
0,1149,0.0034435514826327562
0,1150,0.004484343808144331
0,1151,0.003737085498869419
0,1152,0.003496772376820445
0,1153,0.003160639898851514
0,1154,0.005280013661831617
0,1155,0.00375517294742167
0,1156,0.0036611573304980993
0,1157,0.004095388110727072
0,1158,0.003559344680979848
0,1159,0.0039570690132677555
0,1160,0.0038047078996896744
0,1161,0.0036968544591218233
0,1162,0.0034716895315796137
0,1163,0.0035803262144327164
0,1164,0.0034836384002119303
0,1165,0.0035754740238189697
0,1166,0.0035380797926336527
0,1167,0.00402452377602458
0,1168,0.003513258183375001
0,1169,0.003813915653154254
0,1170,0.004394697491079569
0,1171,0.0047639161348342896
0,1172,0.003657507710158825
0,1173,0.0036797914654016495
0,1174,0.003716633887961507
0,1175,0.003835337935015559
0,1176,0.004287745337933302
0,1177,0.003475883975625038
0,1178,0.0040353769436478615
0,1179,0.004655289463698864
0,1180,0.0033549300860613585
0,1181,0.003989802673459053
0,1182,0.0036500643473118544
0,1183,0.0036486852914094925
0,1184,0.0038428890984505415
0,1185,0.004228181671351194
0,1186,0.005656592547893524
0,1187,0.003542556194588542
0,1188,0.0035007481928914785
0,1189,0.004332280717790127
0,1190,0.0035490645095705986
0,1191,0.0040720547549426556
0,1192,0.0033252418506890535
0,1193,0.004095138981938362
0,1194,0.003680732101202011
0,1195,0.003488834947347641
0,1196,0.0034705994185060263
0,1197,0.004179523792117834
0,1198,0.003397773252800107
0,1199,0.003840140299871564
0,1200,0.0035850107669830322
0,1201,0.00370735302567482
0,1202,0.003868377534672618
0,1203,0.0035206868778914213
0,1204,0.003928422927856445
0,1205,0.0035484854597598314
0,1206,0.0034195755142718554
0,1207,0.003930819686502218
0,1208,0.003816120093688369
0,1209,0.0043549127876758575
0,1210,0.004499532748013735
0,1211,0.003923304844647646
0,1212,0.003904347075149417
0,1213,0.0038402487989515066
0,1214,0.003933954983949661
0,1215,0.003929233644157648
0,1216,0.003718412248417735
0,1217,0.003670085920020938
0,1218,0.005185078363865614
0,1219,0.003869330510497093
0,1220,0.004114012699574232
0,1221,0.0036691445857286453
0,1222,0.003597283037379384
0,1223,0.004101657774299383
0,1224,0.00370660494081676
0,1225,0.0045663719065487385
0,1226,0.0035888825077563524
0,1227,0.004052429925650358
0,1228,0.004319657105952501
0,1229,0.003408130956813693
0,1230,0.003751186653971672
0,1231,0.003950214013457298
0,1232,0.003527449443936348
0,1233,0.003643839852884412
0,1234,0.0034335346426814795
0,1235,0.004010703880339861
0,1236,0.00375553872436285
0,1237,0.003605414414778352
0,1238,0.003670471953228116
0,1239,0.0033053287770599127
0,1240,0.003473414108157158
0,1241,0.003625987097620964
0,1242,0.003702272893860936
0,1243,0.0034471601247787476
0,1244,0.0037409092765301466
0,1245,0.003792690811678767
0,1246,0.003197107231244445
0,1247,0.003757336875423789
0,1248,0.004459804389625788
0,1249,0.003516013501212001
0,1250,0.003658022964373231
0,1251,0.0038591891061514616
0,1252,0.004090877715498209
0,1253,0.003534215735271573
0,1254,0.0033450620248913765
0,1255,0.003630231134593487
0,1256,0.004811850376427174
0,1257,0.0038039020728319883
0,1258,0.004541452508419752
0,1259,0.0035489604342728853
0,1260,0.0035419317428022623
0,1261,0.004264024551957846
0,1262,0.002861027605831623
0,1263,0.003258793381974101
0,1264,0.003952537197619677
0,1265,0.0031543069053441286
0,1266,0.0034999344497919083
0,1267,0.003635454224422574
0,1268,0.003290801076218486
0,1269,0.003158107167109847
0,1270,0.0038187766913324594
0,1271,0.00366144604049623
0,1272,0.004092186689376831
0,1273,0.003931988496333361
0,1274,0.004159288946539164
0,1275,0.003372974693775177
0,1276,0.0032962404657155275
0,1277,0.0036694444715976715
0,1278,0.0033350440207868814
0,1279,0.003561538876965642
0,1280,0.003298057010397315
0,1281,0.003217660589143634
0,1282,0.003565210849046707
0,1283,0.0033534306567162275
0,1284,0.0037155814934521914
0,1285,0.0032571738120168447
0,1286,0.003660609247162938
0,1287,0.003901732387021184
0,1288,0.003781508654356003
0,1289,0.0036006381269544363
0,1290,0.004092319402843714
0,1291,0.0037207116838544607
0,1292,0.00327087938785553
0,1293,0.00399424135684967
0,1294,0.004092042800039053
0,1295,0.0031149843707680702
0,1296,0.0031162521336227655
0,1297,0.0038756506983190775
0,1298,0.0036625314969569445
0,1299,0.004198115784674883
0,1300,0.0038423966616392136
0,1301,0.0038716632407158613
0,1302,0.0036270387936383486
0,1303,0.003715087426826358
0,1304,0.0032188568729907274
0,1305,0.003181088948622346
0,1306,0.00422169454395771
0,1307,0.004127605352550745
0,1308,0.0035562452394515276
0,1309,0.0037244062405079603
0,1310,0.0039411429315805435
0,1311,0.0030312801245599985
0,1312,0.003912113141268492
0,1313,0.004389285575598478
0,1314,0.0038743552286177874
0,1315,0.002951517002657056
0,1316,0.003257239004597068
0,1317,0.003748139599338174
0,1318,0.0038119994569569826
0,1319,0.003450733609497547
0,1320,0.00435111066326499
0,1321,0.0036162117030471563
0,1322,0.0036446668673306704
0,1323,0.004725282546132803
0,1324,0.002968330169096589
0,1325,0.004042688757181168
0,1326,0.0034647074062377214
0,1327,0.003179730847477913
0,1328,0.0041696722619235516
0,1329,0.0036420312244445086
0,1330,0.003461424494162202
0,1331,0.0035302143078297377
0,1332,0.0032167534809559584
0,1333,0.0038156432565301657
0,1334,0.004340603481978178
0,1335,0.003664084943011403
0,1336,0.003605227917432785
0,1337,0.003584517864510417
0,1338,0.0034914857242256403
0,1339,0.003334308974444866
0,1340,0.004231918137520552
0,1341,0.0031584519892930984
0,1342,0.0035294804256409407
0,1343,0.003251871094107628
0,1344,0.0034291341435164213
0,1345,0.0037997830659151077
0,1346,0.003337429603561759
0,1347,0.0034498085733503103
0,1348,0.003197231562808156
0,1349,0.003776832716539502
0,1350,0.00324849016033113
1,1351,0.003699335502460599
1,1352,0.003954701125621796
1,1353,0.003569632535800338
1,1354,0.0046485611237585545
1,1355,0.0044698030687868595
1,1356,0.003215785836800933
1,1357,0.003809673013165593
1,1358,0.003431903198361397
1,1359,0.0033369127195328474
1,1360,0.0031035542488098145
1,1361,0.003663020906969905
1,1362,0.0036675792653113604
1,1363,0.0034925530198961496
1,1364,0.0036337890196591616
1,1365,0.003725264919921756
1,1366,0.004307259805500507
1,1367,0.004256822634488344
1,1368,0.0036421401891857386
1,1369,0.004012742079794407
1,1370,0.0034216351341456175
1,1371,0.003731595352292061
1,1372,0.0038981118705123663
1,1373,0.0037965041119605303
1,1374,0.004291186109185219
1,1375,0.0030233936849981546
1,1376,0.003404799848794937
1,1377,0.003819480538368225
1,1378,0.003421975066885352
1,1379,0.004381423816084862
1,1380,0.004137502051889896
1,1381,0.003859899938106537
1,1382,0.004304592031985521
1,1383,0.005200832616537809
1,1384,0.004177830647677183
1,1385,0.003718499094247818
1,1386,0.0030228346586227417
1,1387,0.003415772458538413
1,1388,0.0040998137556016445
1,1389,0.003374570282176137
1,1390,0.0035327787045389414
1,1391,0.0030357055366039276
1,1392,0.0034782991278916597
1,1393,0.0036522571463137865
1,1394,0.004244286101311445
1,1395,0.0033032523933798075
1,1396,0.0039013696368783712
1,1397,0.003604559227824211
1,1398,0.004283993039280176
1,1399,0.00395807484164834
1,1400,0.0032224070746451616
1,1401,0.003426862647756934
1,1402,0.00370400701649487
1,1403,0.0032084882259368896
1,1404,0.0039483956061303616
1,1405,0.0038884154055267572
1,1406,0.003653982887044549
1,1407,0.004145647864788771
1,1408,0.0033948763739317656
1,1409,0.0036383650731295347
1,1410,0.0033845084253698587
1,1411,0.003820311976596713
1,1412,0.0033820790704339743
1,1413,0.0034372955560684204
1,1414,0.003580161603167653
1,1415,0.0035488710273057222
1,1416,0.003340652212500572
1,1417,0.0036712109576910734
1,1418,0.0037529030814766884
1,1419,0.003906298894435167
1,1420,0.003491742303594947
1,1421,0.0032286085188388824
1,1422,0.0038971316535025835
1,1423,0.00355159561149776
1,1424,0.003918969538062811
1,1425,0.003803761675953865
1,1426,0.004144350532442331
1,1427,0.004608054179698229
1,1428,0.0032206440810114145
1,1429,0.003885096637532115
1,1430,0.0029981695115566254
1,1431,0.004022298380732536
1,1432,0.0035063771065324545
1,1433,0.004106366541236639
1,1434,0.004015570972114801
1,1435,0.003923682030290365
1,1436,0.003711896715685725
1,1437,0.003253684379160404
1,1438,0.004612631630152464
1,1439,0.00377109763212502
1,1440,0.003948841243982315
1,1441,0.0042048366740345955
1,1442,0.00419633649289608
1,1443,0.0037133123259991407
1,1444,0.004136383067816496
1,1445,0.004225826822221279
1,1446,0.003667451674118638
1,1447,0.004463641904294491
1,1448,0.004472674801945686
1,1449,0.0040809097699820995
1,1450,0.0036111550871282816
1,1451,0.003731531323865056
1,1452,0.004639993887394667
1,1453,0.003436945378780365
1,1454,0.0033919280394911766
1,1455,0.0036983098834753036
1,1456,0.003212585113942623
1,1457,0.004668340552598238
1,1458,0.004083724692463875
1,1459,0.003963148221373558
1,1460,0.004275819286704063
1,1461,0.0033678587060421705
1,1462,0.004287514369934797
1,1463,0.0035014364402741194
1,1464,0.003577885450795293
1,1465,0.0044208113104105
1,1466,0.003307901555672288
1,1467,0.0038994501810520887
1,1468,0.0032742631155997515
1,1469,0.003409226657822728
1,1470,0.0036735180765390396
1,1471,0.0034419407602399588
1,1472,0.004053609445691109
1,1473,0.003487297100946307
1,1474,0.0034293478820472956
1,1475,0.00311899371445179
1,1476,0.0035448672715574503
1,1477,0.003657396649941802
1,1478,0.003408303251489997
1,1479,0.0032397464383393526
1,1480,0.0033543359022587538
1,1481,0.002685561776161194
1,1482,0.0030370184686034918
1,1483,0.004188442137092352
1,1484,0.0033578320872038603
1,1485,0.0034302128478884697
1,1486,0.004809567704796791
1,1487,0.003640793263912201
1,1488,0.003941949922591448
1,1489,0.0037137577310204506
1,1490,0.004246408585458994
1,1491,0.003379727713763714
1,1492,0.0030884798616170883
1,1493,0.0030467852484434843
1,1494,0.0033395092468708754
1,1495,0.00339235900901258
1,1496,0.003179325722157955
1,1497,0.0031347412150353193
1,1498,0.0030508644413203
1,1499,0.004608748480677605
1,1500,0.004500855226069689
1,1501,0.0037724364083260298
1,1502,0.003483291482552886
1,1503,0.003558143973350525
1,1504,0.0036581128370016813
1,1505,0.0037542199715971947
1,1506,0.0034224402625113726
1,1507,0.0031676727812737226
1,1508,0.003734144615009427
1,1509,0.0029044996481388807
1,1510,0.00317902653478086
1,1511,0.0036419748794287443
1,1512,0.0033529577776789665
1,1513,0.0036648313980549574
1,1514,0.0029690053779631853
1,1515,0.003617578884586692
1,1516,0.00369492475874722
1,1517,0.0035116022918373346
1,1518,0.0032684579491615295
1,1519,0.003249407047405839
1,1520,0.0035955326166003942
1,1521,0.0033499535638839006
1,1522,0.0031932375859469175
1,1523,0.0035625428427010775
1,1524,0.0038926478009670973
1,1525,0.0026541168335825205
1,1526,0.003642994910478592
1,1527,0.003452199511229992
1,1528,0.0033732943702489138
1,1529,0.0033685953821986914
1,1530,0.003240283578634262
1,1531,0.0032410004641860723
1,1532,0.0033477807883173227
1,1533,0.004059601575136185
1,1534,0.0034940571058541536
1,1535,0.0037050924729555845
1,1536,0.003298647003248334
1,1537,0.0038485415279865265
1,1538,0.003174328478053212
1,1539,0.005122271366417408
1,1540,0.004006352741271257
1,1541,0.0034102413337677717
1,1542,0.0033252499997615814
1,1543,0.003487431677058339
1,1544,0.0036991622764617205
1,1545,0.0034838055726140738
1,1546,0.003575895680114627
1,1547,0.0037432704120874405
1,1548,0.0032424181699752808
1,1549,0.003676959313452244
1,1550,0.002980518853291869
1,1551,0.0032164976000785828
1,1552,0.004260584246367216
1,1553,0.003523562802001834
1,1554,0.0047200024127960205
1,1555,0.003634190885350108
1,1556,0.0033709367271512747
1,1557,0.0029327424708753824
1,1558,0.003848370863124728
1,1559,0.003387758508324623
1,1560,0.003243024693801999
1,1561,0.003848060267046094
1,1562,0.004729155451059341
1,1563,0.004190625157207251
1,1564,0.0034831445664167404
1,1565,0.0034605113323777914
1,1566,0.003449440933763981
1,1567,0.0032649345230311155
1,1568,0.0038112744223326445
1,1569,0.0037612931337207556
1,1570,0.0037274237256497145
1,1571,0.0036306865513324738
1,1572,0.0034094962757080793
1,1573,0.003035811008885503
1,1574,0.004387902561575174
1,1575,0.003923825453966856
1,1576,0.004134385380893946
1,1577,0.0032876606564968824
1,1578,0.0038510512094944715
1,1579,0.003294587368145585
1,1580,0.0036351580638438463
1,1581,0.003096815198659897
1,1582,0.0035466495901346207
1,1583,0.0034711919724941254
1,1584,0.0030949944630265236
1,1585,0.0032220864668488503
1,1586,0.0034326203167438507
1,1587,0.003710796358063817
1,1588,0.0033259757328778505
1,1589,0.004082880448549986
1,1590,0.0037875075358897448
1,1591,0.003575318492949009
1,1592,0.004021162632852793
1,1593,0.0035872149746865034
1,1594,0.003379784757271409
1,1595,0.004108654800802469
1,1596,0.0033135332632809877
1,1597,0.004016963765025139
1,1598,0.0033823710400611162
1,1599,0.003330969251692295
1,1600,0.0031694902572780848
1,1601,0.0037242404650896788
1,1602,0.0033358081709593534
1,1603,0.003591042011976242
1,1604,0.0036944688763469458
1,1605,0.0036813172046095133
1,1606,0.0038043565582484007
1,1607,0.00412849523127079
1,1608,0.0031454742420464754
1,1609,0.00347009371034801
1,1610,0.0031097850296646357
1,1611,0.0039329915307462215
1,1612,0.003241485683247447
1,1613,0.003308662446215749
1,1614,0.003372648498043418
1,1615,0.0038834467995911837
1,1616,0.003274683840572834
1,1617,0.003740468295291066
1,1618,0.0032117690425366163
1,1619,0.003318601520732045
1,1620,0.0036665501538664103
1,1621,0.0039184181950986385
1,1622,0.0037801337894052267
1,1623,0.0035895733162760735
1,1624,0.0034901483450084925
1,1625,0.004063015338033438
1,1626,0.004062375519424677
1,1627,0.003267698921263218
1,1628,0.0034656894858926535
1,1629,0.0033146024215966463
1,1630,0.0036854359786957502
1,1631,0.0030299427453428507
1,1632,0.0031563371885567904
1,1633,0.003474731929600239
1,1634,0.003749097930267453
1,1635,0.0033756305929273367
1,1636,0.0031176588963717222
1,1637,0.0031020899768918753
1,1638,0.0038654592353850603
1,1639,0.00412169611081481
1,1640,0.0039122202433645725
1,1641,0.0038975088391453028
1,1642,0.003554639406502247
1,1643,0.003956237342208624
1,1644,0.0034205217380076647
1,1645,0.0033246136736124754
1,1646,0.0034773529041558504
1,1647,0.004315903410315514
1,1648,0.003405970288440585
1,1649,0.003110680729150772
1,1650,0.0033254825975745916
1,1651,0.0035532042384147644
1,1652,0.003329124301671982
1,1653,0.003734468249604106
1,1654,0.0029989408794790506
1,1655,0.0041539655067026615
1,1656,0.003706746967509389
1,1657,0.004671791102737188
1,1658,0.004223781172186136
1,1659,0.0037051646504551172
1,1660,0.0033521370496600866
1,1661,0.0032809965778142214
1,1662,0.003301704302430153
1,1663,0.003477800404652953
1,1664,0.0031437017023563385
1,1665,0.0039450437761843204
1,1666,0.0032032455783337355
1,1667,0.0028774167876690626
